{
  "project_info": {
    "project_number": "233812163402",
    "project_id": "fir-basic-60131",
    "storage_bucket": "fir-basic-60131.appspot.com"
  },
  "client": [
    {
      "client_info": {
        "mobilesdk_app_id": "1:233812163402:android:6a5281e851da8fbb839fb3",
        "android_client_info": {
          "package_name": "com.example.gtk_flutter"
        }
      },
      "oauth_client": [
        {
          "client_id": "233812163402-dur58se533uv0s1ag8kevu6q2t3lvll7.apps.googleusercontent.com",
          "client_type": 3
        }
      ],
      "api_key": [
        {
          "current_key": "AIzaSyBmFqo8Rh8WCWyCb7LnjQ1A1TZpsXV99hY"
        }
      ],
      "services": {
        "appinvite_service": {
          "other_platform_oauth_client": [
            {
              "client_id": "233812163402-dur58se533uv0s1ag8kevu6q2t3lvll7.apps.googleusercontent.com",
              "client_type": 3
            }
          ]
        }
      }
    }
  ],
  "configuration_version": "1"
}